f2362_73,1,,32,train,26414840,26414840,264060300
f3364_36,1,,172,train,26414840,26414840,1980452250
f0390_33,2,,335,train,26414840,26414840,3960904500
f0328_12,2,,18,train,26414840,26414840,132030150
f2138_72,3,,168,train,26414840,26414840,1980452250
f0749_12,3,,30,train,26414840,26414840,264060300
f2362_73,4,,32,train,26414840,26414840,264060300
f3787_15,4,,166,train,26414840,26414840,1848422100
f2405_90,5,,164,train,26414840,26414840,1848422100
f4020_15,5,,171,train,26414840,26414840,1980452250
f2274_95,6,,165,train,26414840,26414840,1848422100
f1735_22,6,,155,train,26414840,26414840,1716391950
f3891_31,7,,169,train,26414840,26414840,1980452250
f1271_05,7,,179,train,26414840,26414840,2112482400
f1648_00,8,,151,train,26414840,26414840,1716391950
f1480_24,8,,272,train,26414840,26414840,3168723600
f2362_73,1,,32,train,194680,194680,1944400
f3364_36,1,,172,train,194680,194680,14583000
f0390_33,2,,335,train,194680,194680,29166000
f0328_12,2,,18,train,194680,194680,972200
f2138_72,3,,168,train,194680,194680,14583000
f0749_12,3,,30,train,194680,194680,1944400
f2362_73,4,,32,train,194680,194680,1944400
f3787_15,4,,166,train,194680,194680,13610800
f2405_90,5,,164,train,194680,194680,13610800
f4020_15,5,,171,train,194680,194680,14583000
f2274_95,6,,165,train,194680,194680,13610800
f1735_22,6,,155,train,194680,194680,12638600
f3891_31,7,,169,train,194680,194680,14583000
f1271_05,7,,179,train,194680,194680,15555200
f1648_00,8,,151,train,194680,194680,12638600
f1480_24,8,,272,train,194680,194680,23332800
f3759_43,9,,167,train,194680,194680,14583000
f4020_15,9,,171,train,194680,194680,14583000
f2099_21,10,,107,train,194680,194680,8749800
f1648_00,10,,151,train,194680,194680,12638600
f2405_90,11,,164,train,194680,194680,13610800
f1685_23,11,,148,train,194680,194680,12638600
f2422_85,12,,134,train,194680,194680,11666400
f1735_22,12,,155,train,194680,194680,12638600
f3219_49,13,,176,train,194680,194680,14583000
f2405_90,13,,164,train,194680,194680,13610800
f2405_90,14,,164,train,194680,194680,13610800
f1271_05,14,,179,train,194680,194680,15555200
f3891_31,15,,169,train,194680,194680,14583000
f3219_49,15,,176,train,194680,194680,14583000
f0390_33,16,,335,train,194680,194680,29166000
f1995_29,16,,44,train,194680,194680,2916600
f1154_00,17,,171,train,194680,194680,14583000
f0390_33,17,,335,train,194680,194680,29166000
f3779_49,18,,167,train,194680,194680,14583000
f1480_24,18,,272,train,194680,194680,23332800
f1168_30,19,,272,train,194680,194680,23332800
f3437_17,19,,172,train,194680,194680,14583000
f1097_20,20,,269,train,194680,194680,23332800
f2097_31,20,,92,train,194680,194680,7777600
f1271_05,21,,179,train,194680,194680,15555200
f1480_24,21,,272,train,194680,194680,23332800
f2138_72,22,,168,train,194680,194680,14583000
f1034_02,22,,104,train,194680,194680,8749800
f3891_31,23,,169,train,194680,194680,14583000
f2097_31,23,,92,train,194680,194680,7777600
f1704_29,24,,148,train,194680,194680,12638600
f3364_36,24,,172,train,194680,194680,14583000
f1995_29,25,,44,train,194680,194680,2916600
f4020_15,25,,171,train,194680,194680,14583000
f3759_43,26,,167,train,194680,194680,14583000
f3219_49,26,,176,train,194680,194680,14583000
f2287_60,27,,166,train,194680,194680,13610800
f0478_10,27,,349,train,194680,194680,30138200
f1097_20,28,,269,train,194680,194680,23332800
f3364_36,28,,172,train,194680,194680,14583000
f1685_23,29,,148,train,194680,194680,12638600
f3219_49,29,,176,train,194680,194680,14583000
f1271_05,30,,179,train,194680,194680,15555200
f3271_09,30,,172,train,194680,194680,14583000
f3364_36,31,,172,train,194680,194680,14583000
f2099_21,31,,107,train,194680,194680,8749800
f1560_15,32,,55,train,194680,194680,3888800
f0227_27,32,,354,train,194680,194680,30138200
f2274_95,33,,165,train,194680,194680,13610800
f3779_49,33,,167,train,194680,194680,14583000
f0478_10,34,,349,train,194680,194680,30138200
f2422_85,34,,134,train,194680,194680,11666400
f3364_36,35,,172,train,194680,194680,14583000
f1735_22,35,,155,train,194680,194680,12638600
f0418_21,36,,342,train,194680,194680,29166000
f1704_29,36,,148,train,194680,194680,12638600
f2097_31,37,,92,train,194680,194680,7777600
f2287_60,37,,166,train,194680,194680,13610800
f1034_02,38,,104,train,194680,194680,8749800
f1168_30,38,,272,train,194680,194680,23332800
f3759_43,39,,167,train,194680,194680,14583000
f0227_27,39,,354,train,194680,194680,30138200
f0390_33,40,,335,train,194680,194680,29166000
f0328_12,40,,18,train,194680,194680,972200
f0991_47,41,,312,train,194680,194680,27221600
f2274_95,41,,165,train,194680,194680,13610800
f1097_20,42,,269,train,194680,194680,23332800
f4020_15,42,,171,train,194680,194680,14583000
f3437_17,43,,172,train,194680,194680,14583000
f1995_29,43,,44,train,194680,194680,2916600
f0525_15,44,,316,train,194680,194680,27221600
f3271_09,44,,172,train,194680,194680,14583000
f1995_29,45,,44,train,194680,194680,2916600
f0478_10,45,,349,train,194680,194680,30138200
f0566_02,46,,298,train,194680,194680,25277200
f2287_60,46,,166,train,194680,194680,13610800
f0390_33,47,,335,train,194680,194680,29166000
f3891_31,47,,169,train,194680,194680,14583000
f1271_05,48,,179,train,194680,194680,15555200
f2362_73,48,,32,train,194680,194680,1944400
f2422_85,49,,134,train,194680,194680,11666400
f0390_33,49,,335,train,194680,194680,29166000
f2097_31,50,,92,train,194680,194680,7777600
f1685_23,50,,148,train,194680,194680,12638600
f0317_44,51,,348,train,194680,194680,30138200
f3219_49,51,,176,train,194680,194680,14583000
f0418_21,52,,342,train,194680,194680,29166000
f3891_31,52,,169,train,194680,194680,14583000
f0390_33,53,,335,train,194680,194680,29166000
f0749_12,53,,30,train,194680,194680,1944400
f3759_43,54,,167,train,194680,194680,14583000
f0566_02,54,,298,train,194680,194680,25277200
f2287_60,55,,166,train,194680,194680,13610800
f2422_85,55,,134,train,194680,194680,11666400
f1648_00,56,,151,train,194680,194680,12638600
f0390_33,56,,335,train,194680,194680,29166000
f0566_02,57,,298,train,194680,194680,25277200
f0390_33,57,,335,train,194680,194680,29166000
f0940_45,58,,337,train,194680,194680,29166000
f3437_17,58,,172,train,194680,194680,14583000
f0478_10,59,,349,train,194680,194680,30138200
f1034_02,59,,104,train,194680,194680,8749800
f3271_09,60,,172,train,194680,194680,14583000
f3219_49,60,,176,train,194680,194680,14583000
f0566_02,61,,298,train,194680,194680,25277200
f1097_20,61,,269,train,194680,194680,23332800
f2099_21,62,,107,train,194680,194680,8749800
f2405_90,62,,164,train,194680,194680,13610800
f3759_43,63,,167,train,194680,194680,14583000
f3437_17,63,,172,train,194680,194680,14583000
f1704_29,64,,148,train,194680,194680,12638600
f3891_31,64,,169,train,194680,194680,14583000
f2099_21,65,,107,train,194680,194680,8749800
f0317_44,65,,348,train,194680,194680,30138200
f1271_05,66,,179,train,194680,194680,15555200
f4020_15,66,,171,train,194680,194680,14583000
f0478_10,67,,349,train,194680,194680,30138200
f0317_44,67,,348,train,194680,194680,30138200
f1995_29,68,,44,train,194680,194680,2916600
f0227_27,68,,354,train,194680,194680,30138200
f2097_31,69,,92,train,194680,194680,7777600
f1034_02,69,,104,train,194680,194680,8749800
f1735_22,70,,155,train,194680,194680,12638600
f3437_17,70,,172,train,194680,194680,14583000
f1271_05,71,,179,train,194680,194680,15555200
f2405_90,71,,164,train,194680,194680,13610800
f1685_23,72,,148,train,194680,194680,12638600
f1704_29,72,,148,train,194680,194680,12638600
f1271_05,73,,179,train,194680,194680,15555200
f0418_21,73,,342,train,194680,194680,29166000
f0328_12,74,,18,train,194680,194680,972200
f1097_20,74,,269,train,194680,194680,23332800
f0227_27,75,,354,train,194680,194680,30138200
f3891_31,75,,169,train,194680,194680,14583000
f1480_24,76,,272,train,194680,194680,23332800
f3787_15,76,,166,train,194680,194680,13610800
f2097_31,77,,92,train,194680,194680,7777600
f3779_49,77,,167,train,194680,194680,14583000
f1480_24,78,,272,train,194680,194680,23332800
f4020_15,78,,171,train,194680,194680,14583000
f0566_02,79,,298,train,194680,194680,25277200
f3194_31,79,,173,train,194680,194680,14583000
f2274_95,80,,165,train,194680,194680,13610800
f0478_10,80,,349,train,194680,194680,30138200
f1685_23,81,,148,train,194680,194680,12638600
f2099_21,81,,107,train,194680,194680,8749800
f2274_95,82,,165,train,194680,194680,13610800
f1168_30,82,,272,train,194680,194680,23332800
f3891_31,83,,169,train,194680,194680,14583000
f1735_22,83,,155,train,194680,194680,12638600
f0940_45,84,,337,train,194680,194680,29166000
f3364_36,84,,172,train,194680,194680,14583000
f0991_47,85,,312,train,194680,194680,27221600
f3219_49,85,,176,train,194680,194680,14583000
f1097_20,86,,269,train,194680,194680,23332800
f3271_09,86,,172,train,194680,194680,14583000
f3891_31,87,,169,train,194680,194680,14583000
f3779_49,87,,167,train,194680,194680,14583000
f2287_60,88,,166,train,194680,194680,13610800
f3891_31,88,,169,train,194680,194680,14583000
f3787_15,89,,166,train,194680,194680,13610800
f0749_12,89,,30,train,194680,194680,1944400
f2138_72,90,,168,train,194680,194680,14583000
f0390_33,90,,335,train,194680,194680,29166000
f1271_05,91,,179,train,194680,194680,15555200
f3194_31,91,,173,train,194680,194680,14583000
f2362_73,92,,32,train,194680,194680,1944400
f0227_27,92,,354,train,194680,194680,30138200
f1995_29,93,,44,train,194680,194680,2916600
f2362_73,93,,32,train,194680,194680,1944400
f3271_09,94,,172,train,194680,194680,14583000
f1560_15,94,,55,train,194680,194680,3888800
f0418_21,95,,342,train,194680,194680,29166000
f4020_15,95,,171,train,194680,194680,14583000
f0749_12,96,,30,train,194680,194680,1944400
f3437_17,96,,172,train,194680,194680,14583000
f0227_27,97,,354,train,194680,194680,30138200
f0991_47,97,,312,train,194680,194680,27221600
f0328_12,98,,18,train,194680,194680,972200
f2097_31,98,,92,train,194680,194680,7777600
f0227_27,99,,354,train,194680,194680,30138200
f1168_30,99,,272,train,194680,194680,23332800
f3759_43,100,,167,train,194680,194680,14583000
f0940_45,100,,337,train,194680,194680,29166000
f2138_72,101,,168,train,194680,194680,14583000
f0478_10,101,,349,train,194680,194680,30138200
f0317_44,102,,348,train,194680,194680,30138200
f2138_72,102,,168,train,194680,194680,14583000
f1271_05,103,,179,train,194680,194680,15555200
f2405_90,103,,164,train,194680,194680,13610800
f3891_31,104,,169,train,194680,194680,14583000
f0328_12,104,,18,train,194680,194680,972200
f2287_60,105,,166,train,194680,194680,13610800
f1560_15,105,,55,train,194680,194680,3888800
f1097_20,106,,269,train,194680,194680,23332800
f3271_09,106,,172,train,194680,194680,14583000
f2422_85,107,,134,train,194680,194680,11666400
f3891_31,107,,169,train,194680,194680,14583000
f3271_09,108,,172,train,194680,194680,14583000
f3787_15,108,,166,train,194680,194680,13610800
f3759_43,109,,167,train,194680,194680,14583000
f1685_23,109,,148,train,194680,194680,12638600
f1480_24,110,,272,train,194680,194680,23332800
f2099_21,110,,107,train,194680,194680,8749800
f1995_29,111,,44,train,194680,194680,2916600
f2099_21,111,,107,train,194680,194680,8749800
f0227_27,112,,354,train,194680,194680,30138200
f0749_12,112,,30,train,194680,194680,1944400
f2405_90,113,,164,train,194680,194680,13610800
f1028_20,113,,90,train,194680,194680,7777600
f1034_02,114,,104,train,194680,194680,8749800
f1995_29,114,,44,train,194680,194680,2916600
f1648_00,115,,151,train,194680,194680,12638600
f2274_95,115,,165,train,194680,194680,13610800
f2362_73,116,,32,train,194680,194680,1944400
f1560_15,116,,55,train,194680,194680,3888800
f1271_05,117,,179,train,194680,194680,15555200
f0418_21,117,,342,train,194680,194680,29166000
f1480_24,118,,272,train,194680,194680,23332800
f2362_73,118,,32,train,194680,194680,1944400
f3787_15,119,,166,train,194680,194680,13610800
f0566_02,119,,298,train,194680,194680,25277200
f0317_44,120,,348,train,194680,194680,30138200
f2405_90,120,,164,train,194680,194680,13610800
f2287_60,121,,166,train,194680,194680,13610800
f0580_29,121,,329,train,194680,194680,28193800
f1168_30,122,,272,train,194680,194680,23332800
f0478_10,122,,349,train,194680,194680,30138200
f2422_85,123,,134,train,194680,194680,11666400
f4020_15,123,,171,train,194680,194680,14583000
f1735_22,124,,155,train,194680,194680,12638600
f0991_47,124,,312,train,194680,194680,27221600
f3364_36,125,,172,train,194680,194680,14583000
f3779_49,125,,167,train,194680,194680,14583000
f0478_10,126,,349,train,194680,194680,30138200
f3787_15,126,,166,train,194680,194680,13610800
f1685_23,127,,148,train,194680,194680,12638600
f0478_10,127,,349,train,194680,194680,30138200
f0566_02,128,,298,train,194680,194680,25277200
f1704_29,128,,148,train,194680,194680,12638600
f0328_12,129,,18,train,194680,194680,972200
f2422_85,129,,134,train,194680,194680,11666400
f2138_72,130,,168,train,194680,194680,14583000
f0566_02,130,,298,train,194680,194680,25277200
f0525_15,131,,316,train,194680,194680,27221600
f0749_12,131,,30,train,194680,194680,1944400
f2099_21,132,,107,train,194680,194680,8749800
f0418_21,132,,342,train,194680,194680,29166000
f0478_10,133,,349,train,194680,194680,30138200
f0418_21,133,,342,train,194680,194680,29166000
f3779_49,134,,167,train,194680,194680,14583000
f3271_09,134,,172,train,194680,194680,14583000
f0566_02,135,,298,train,194680,194680,25277200
f2422_85,135,,134,train,194680,194680,11666400
f1995_29,136,,44,train,194680,194680,2916600
f0328_12,136,,18,train,194680,194680,972200
f1034_02,137,,104,train,194680,194680,8749800
f1168_30,137,,272,train,194680,194680,23332800
f1271_05,138,,179,train,194680,194680,15555200
f3437_17,138,,172,train,194680,194680,14583000
f1685_23,139,,148,train,194680,194680,12638600
f0940_45,139,,337,train,194680,194680,29166000
f1034_02,140,,104,train,194680,194680,8749800
f2099_21,140,,107,train,194680,194680,8749800
f0525_15,141,,316,train,194680,194680,27221600
f4020_15,141,,171,train,194680,194680,14583000
f3437_17,142,,172,train,194680,194680,14583000
f2274_95,142,,165,train,194680,194680,13610800
f3759_43,143,,167,train,194680,194680,14583000
f3364_36,143,,172,train,194680,194680,14583000
f3437_17,144,,172,train,194680,194680,14583000
f1995_29,144,,44,train,194680,194680,2916600
f1034_02,145,,104,train,194680,194680,8749800
f1480_24,145,,272,train,194680,194680,23332800
f1560_15,146,,55,train,194680,194680,3888800
f0749_12,146,,30,train,194680,194680,1944400
f2362_73,147,,32,train,194680,194680,1944400
f1480_24,147,,272,train,194680,194680,23332800
f1168_30,148,,272,train,194680,194680,23332800
f1560_15,148,,55,train,194680,194680,3888800
f0227_27,149,,354,train,194680,194680,30138200
f3787_15,149,,166,train,194680,194680,13610800
f1704_29,150,,148,train,194680,194680,12638600
f2138_72,150,,168,train,194680,194680,14583000
f3271_09,151,,172,train,194680,194680,14583000
f1154_00,151,,171,train,194680,194680,14583000
f0390_33,152,,335,train,194680,194680,29166000
f0317_44,152,,348,train,194680,194680,30138200
f2138_72,153,,168,train,194680,194680,14583000
f1735_22,153,,155,train,194680,194680,12638600
f1028_20,154,,90,train,194680,194680,7777600
f3271_09,154,,172,train,194680,194680,14583000
f0580_29,155,,329,train,194680,194680,28193800
f0328_12,155,,18,train,194680,194680,972200
f0227_27,156,,354,train,194680,194680,30138200
f1028_20,156,,90,train,194680,194680,7777600
f3271_09,157,,172,train,194680,194680,14583000
f2097_31,157,,92,train,194680,194680,7777600
f2097_31,158,,92,train,194680,194680,7777600
f1735_22,158,,155,train,194680,194680,12638600
f2274_95,159,,165,train,194680,194680,13610800
f0390_33,159,,335,train,194680,194680,29166000
f0317_44,160,,348,train,194680,194680,30138200
f0418_21,160,,342,train,194680,194680,29166000
f3759_43,161,,167,train,194680,194680,14583000
f3437_17,161,,172,train,194680,194680,14583000
f0566_02,162,,298,train,194680,194680,25277200
f1704_29,162,,148,train,194680,194680,12638600
f3437_17,163,,172,train,194680,194680,14583000
f2405_90,163,,164,train,194680,194680,13610800
f2274_95,164,,165,train,194680,194680,13610800
f0525_15,164,,316,train,194680,194680,27221600
f2405_90,165,,164,train,194680,194680,13610800
f1685_23,165,,148,train,194680,194680,12638600
f1034_02,166,,104,train,194680,194680,8749800
f0940_45,166,,337,train,194680,194680,29166000
f0390_33,167,,335,train,194680,194680,29166000
f0580_29,167,,329,train,194680,194680,28193800
f0328_12,168,,18,train,194680,194680,972200
f3364_36,168,,172,train,194680,194680,14583000
f0317_44,169,,348,train,194680,194680,30138200
f4020_15,169,,171,train,194680,194680,14583000
f1704_29,170,,148,train,194680,194680,12638600
f3759_43,170,,167,train,194680,194680,14583000
f3219_49,171,,176,train,194680,194680,14583000
f1704_29,171,,148,train,194680,194680,12638600
f1648_00,172,,151,train,194680,194680,12638600
f1154_00,172,,171,train,194680,194680,14583000
f0525_15,173,,316,train,194680,194680,27221600
f2138_72,173,,168,train,194680,194680,14583000
f0566_02,174,,298,train,194680,194680,25277200
f0418_21,174,,342,train,194680,194680,29166000
f1480_24,175,,272,train,194680,194680,23332800
f3787_15,175,,166,train,194680,194680,13610800
f2097_31,176,,92,train,194680,194680,7777600
f1271_05,176,,179,train,194680,194680,15555200
f1168_30,177,,272,train,194680,194680,23332800
f2097_31,177,,92,train,194680,194680,7777600
f2422_85,178,,134,train,194680,194680,11666400
f2097_31,178,,92,train,194680,194680,7777600
f4020_15,179,,171,train,194680,194680,14583000
f1168_30,179,,272,train,194680,194680,23332800
f0580_29,180,,329,train,194680,194680,28193800
f3891_31,180,,169,train,194680,194680,14583000
f1995_29,181,,44,train,194680,194680,2916600
f1648_00,181,,151,train,194680,194680,12638600
f3891_31,182,,169,train,194680,194680,14583000
f3194_31,182,,173,train,194680,194680,14583000
f3364_36,183,,172,train,194680,194680,14583000
f4020_15,183,,171,train,194680,194680,14583000
f1168_30,184,,272,train,194680,194680,23332800
f0418_21,184,,342,train,194680,194680,29166000
f2287_60,185,,166,train,194680,194680,13610800
f1480_24,185,,272,train,194680,194680,23332800
f3437_17,186,,172,train,194680,194680,14583000
f0749_12,186,,30,train,194680,194680,1944400
f3787_15,187,,166,train,194680,194680,13610800
f1735_22,187,,155,train,194680,194680,12638600
f3437_17,188,,172,train,194680,194680,14583000
f3364_36,188,,172,train,194680,194680,14583000
f1097_20,189,,269,train,194680,194680,23332800
f2405_90,189,,164,train,194680,194680,13610800
f1735_22,190,,155,train,194680,194680,12638600
f1480_24,190,,272,train,194680,194680,23332800
f0317_44,191,,348,train,194680,194680,30138200
f1034_02,191,,104,train,194680,194680,8749800
f3891_31,192,,169,train,194680,194680,14583000
f0991_47,192,,312,train,194680,194680,27221600
f1097_20,193,,269,train,194680,194680,23332800
f2287_60,193,,166,train,194680,194680,13610800
f0991_47,194,,312,train,194680,194680,27221600
f2422_85,194,,134,train,194680,194680,11666400
f1995_29,195,,44,train,194680,194680,2916600
f1560_15,195,,55,train,194680,194680,3888800
f0317_44,196,,348,train,194680,194680,30138200
f1648_00,196,,151,train,194680,194680,12638600
f1034_02,197,,104,train,194680,194680,8749800
f3219_49,197,,176,train,194680,194680,14583000
f0227_27,198,,354,train,194680,194680,30138200
f2097_31,198,,92,train,194680,194680,7777600
f0317_44,199,,348,train,194680,194680,30138200
f1560_15,199,,55,train,194680,194680,3888800
f0749_12,200,,30,train,194680,194680,1944400
f1168_30,200,,272,train,194680,194680,23332800
f1735_22,201,,155,train,194680,194680,12638600
f1648_00,201,,151,train,194680,194680,12638600
f3759_43,202,,167,train,194680,194680,14583000
f1028_20,202,,90,train,194680,194680,7777600
f1034_02,203,,104,train,194680,194680,8749800
f3787_15,203,,166,train,194680,194680,13610800
f0390_33,204,,335,train,194680,194680,29166000
f2099_21,204,,107,train,194680,194680,8749800
f3271_09,205,,172,train,194680,194680,14583000
f3759_43,205,,167,train,194680,194680,14583000
f1735_22,206,,155,train,194680,194680,12638600
f0227_27,206,,354,train,194680,194680,30138200
f0478_10,207,,349,train,194680,194680,30138200
f0418_21,207,,342,train,194680,194680,29166000
f1648_00,208,,151,train,194680,194680,12638600
f3437_17,208,,172,train,194680,194680,14583000
f3759_43,209,,167,train,194680,194680,14583000
f3219_49,209,,176,train,194680,194680,14583000
f3891_31,210,,169,train,194680,194680,14583000
f1735_22,210,,155,train,194680,194680,12638600
f1735_22,211,,155,train,194680,194680,12638600
f0991_47,211,,312,train,194680,194680,27221600
f1704_29,212,,148,train,194680,194680,12638600
f2099_21,212,,107,train,194680,194680,8749800
f1097_20,213,,269,train,194680,194680,23332800
f3891_31,213,,169,train,194680,194680,14583000
f4020_15,214,,171,train,194680,194680,14583000
f1168_30,214,,272,train,194680,194680,23332800
f1028_20,215,,90,train,194680,194680,7777600
f1995_29,215,,44,train,194680,194680,2916600
f2287_60,216,,166,train,194680,194680,13610800
f0940_45,216,,337,train,194680,194680,29166000
f0749_12,217,,30,train,194680,194680,1944400
f3787_15,217,,166,train,194680,194680,13610800
f0566_02,218,,298,train,194680,194680,25277200
f2138_72,218,,168,train,194680,194680,14583000
f3891_31,219,,169,train,194680,194680,14583000
f1168_30,219,,272,train,194680,194680,23332800
f3437_17,220,,172,train,194680,194680,14583000
f1168_30,220,,272,train,194680,194680,23332800
f2362_73,1,,32,train,194680,194680,1944400
f3364_36,1,,172,train,194680,194680,14583000
f0390_33,2,,335,train,194680,194680,29166000
f0328_12,2,,18,train,194680,194680,972200
f2138_72,3,,168,train,194680,194680,14583000
f0749_12,3,,30,train,194680,194680,1944400
f2362_73,4,,32,train,194680,194680,1944400
f3787_15,4,,166,train,194680,194680,13610800
f2405_90,5,,164,train,194680,194680,13610800
f4020_15,5,,171,train,194680,194680,14583000
f2274_95,6,,165,train,194680,194680,13610800
f1735_22,6,,155,train,194680,194680,12638600
f3891_31,7,,169,train,194680,194680,14583000
f1271_05,7,,179,train,194680,194680,15555200
f1648_00,8,,151,train,194680,194680,12638600
f1480_24,8,,272,train,194680,194680,23332800
f3759_43,9,,167,train,194680,194680,14583000
f4020_15,9,,171,train,194680,194680,14583000
f2099_21,10,,107,train,194680,194680,8749800
f1648_00,10,,151,train,194680,194680,12638600
f2405_90,11,,164,train,194680,194680,13610800
f1685_23,11,,148,train,194680,194680,12638600
f2422_85,12,,134,train,194680,194680,11666400
f1735_22,12,,155,train,194680,194680,12638600
f3219_49,13,,176,train,194680,194680,14583000
f2405_90,13,,164,train,194680,194680,13610800
f2405_90,14,,164,train,194680,194680,13610800
f1271_05,14,,179,train,194680,194680,15555200
f3891_31,15,,169,train,194680,194680,14583000
f3219_49,15,,176,train,194680,194680,14583000
f0390_33,16,,335,train,194680,194680,29166000
f1995_29,16,,44,train,194680,194680,2916600
f1154_00,17,,171,train,194680,194680,14583000
f0390_33,17,,335,train,194680,194680,29166000
f3779_49,18,,167,train,194680,194680,14583000
f1480_24,18,,272,train,194680,194680,23332800
f1168_30,19,,272,train,194680,194680,23332800
f3437_17,19,,172,train,194680,194680,14583000
f1097_20,20,,269,train,194680,194680,23332800
f2097_31,20,,92,train,194680,194680,7777600
f1271_05,21,,179,train,194680,194680,15555200
f1480_24,21,,272,train,194680,194680,23332800
f2138_72,22,,168,train,194680,194680,14583000
f1034_02,22,,104,train,194680,194680,8749800
f3891_31,23,,169,train,194680,194680,14583000
f2097_31,23,,92,train,194680,194680,7777600
f1704_29,24,,148,train,194680,194680,12638600
f3364_36,24,,172,train,194680,194680,14583000
f1995_29,25,,44,train,194680,194680,2916600
f4020_15,25,,171,train,194680,194680,14583000
f3759_43,26,,167,train,194680,194680,14583000
f3219_49,26,,176,train,194680,194680,14583000
f2287_60,27,,166,train,194680,194680,13610800
f0478_10,27,,349,train,194680,194680,30138200
f1097_20,28,,269,train,194680,194680,23332800
f3364_36,28,,172,train,194680,194680,14583000
f1685_23,29,,148,train,194680,194680,12638600
f3219_49,29,,176,train,194680,194680,14583000
f1271_05,30,,179,train,194680,194680,15555200
f3271_09,30,,172,train,194680,194680,14583000
f3364_36,31,,172,train,194680,194680,14583000
f2099_21,31,,107,train,194680,194680,8749800
f1560_15,32,,55,train,194680,194680,3888800
f0227_27,32,,354,train,194680,194680,30138200
f2274_95,33,,165,train,194680,194680,13610800
f3779_49,33,,167,train,194680,194680,14583000
f0478_10,34,,349,train,194680,194680,30138200
f2422_85,34,,134,train,194680,194680,11666400
f3364_36,35,,172,train,194680,194680,14583000
f1735_22,35,,155,train,194680,194680,12638600
f0418_21,36,,342,train,194680,194680,29166000
f1704_29,36,,148,train,194680,194680,12638600
f2097_31,37,,92,train,194680,194680,7777600
f2287_60,37,,166,train,194680,194680,13610800
f1034_02,38,,104,train,194680,194680,8749800
f1168_30,38,,272,train,194680,194680,23332800
f3759_43,39,,167,train,194680,194680,14583000
f0227_27,39,,354,train,194680,194680,30138200
f0390_33,40,,335,train,194680,194680,29166000
f0328_12,40,,18,train,194680,194680,972200
f0991_47,41,,312,train,194680,194680,27221600
f2274_95,41,,165,train,194680,194680,13610800
f1097_20,42,,269,train,194680,194680,23332800
f4020_15,42,,171,train,194680,194680,14583000
f3437_17,43,,172,train,194680,194680,14583000
f1995_29,43,,44,train,194680,194680,2916600
f0525_15,44,,316,train,194680,194680,27221600
f3271_09,44,,172,train,194680,194680,14583000
f1995_29,45,,44,train,194680,194680,2916600
f0478_10,45,,349,train,194680,194680,30138200
f0566_02,46,,298,train,194680,194680,25277200
f2287_60,46,,166,train,194680,194680,13610800
f0390_33,47,,335,train,194680,194680,29166000
f3891_31,47,,169,train,194680,194680,14583000
f1271_05,48,,179,train,194680,194680,15555200
f2362_73,48,,32,train,194680,194680,1944400
f2422_85,49,,134,train,194680,194680,11666400
f0390_33,49,,335,train,194680,194680,29166000
f2097_31,50,,92,train,194680,194680,7777600
f1685_23,50,,148,train,194680,194680,12638600
f0317_44,51,,348,train,194680,194680,30138200
f3219_49,51,,176,train,194680,194680,14583000
f0418_21,52,,342,train,194680,194680,29166000
f3891_31,52,,169,train,194680,194680,14583000
f0390_33,53,,335,train,194680,194680,29166000
f0749_12,53,,30,train,194680,194680,1944400
f3759_43,54,,167,train,194680,194680,14583000
f0566_02,54,,298,train,194680,194680,25277200
f2287_60,55,,166,train,194680,194680,13610800
f2422_85,55,,134,train,194680,194680,11666400
f1648_00,56,,151,train,194680,194680,12638600
f0390_33,56,,335,train,194680,194680,29166000
f0566_02,57,,298,train,194680,194680,25277200
f0390_33,57,,335,train,194680,194680,29166000
f0940_45,58,,337,train,194680,194680,29166000
f3437_17,58,,172,train,194680,194680,14583000
f0478_10,59,,349,train,194680,194680,30138200
f1034_02,59,,104,train,194680,194680,8749800
f3271_09,60,,172,train,194680,194680,14583000
f3219_49,60,,176,train,194680,194680,14583000
f0566_02,61,,298,train,194680,194680,25277200
f1097_20,61,,269,train,194680,194680,23332800
f2099_21,62,,107,train,194680,194680,8749800
f2405_90,62,,164,train,194680,194680,13610800
f3759_43,63,,167,train,194680,194680,14583000
f3437_17,63,,172,train,194680,194680,14583000
f1704_29,64,,148,train,194680,194680,12638600
f3891_31,64,,169,train,194680,194680,14583000
f2099_21,65,,107,train,194680,194680,8749800
f0317_44,65,,348,train,194680,194680,30138200
f1271_05,66,,179,train,194680,194680,15555200
f4020_15,66,,171,train,194680,194680,14583000
f0478_10,67,,349,train,194680,194680,30138200
f0317_44,67,,348,train,194680,194680,30138200
f1995_29,68,,44,train,194680,194680,2916600
f0227_27,68,,354,train,194680,194680,30138200
f2097_31,69,,92,train,194680,194680,7777600
f1034_02,69,,104,train,194680,194680,8749800
f1735_22,70,,155,train,194680,194680,12638600
f3437_17,70,,172,train,194680,194680,14583000
f1271_05,71,,179,train,194680,194680,15555200
f2405_90,71,,164,train,194680,194680,13610800
f1685_23,72,,148,train,194680,194680,12638600
f1704_29,72,,148,train,194680,194680,12638600
f1271_05,73,,179,train,194680,194680,15555200
f0418_21,73,,342,train,194680,194680,29166000
f0328_12,74,,18,train,194680,194680,972200
f1097_20,74,,269,train,194680,194680,23332800
f0227_27,75,,354,train,194680,194680,30138200
f3891_31,75,,169,train,194680,194680,14583000
f1480_24,76,,272,train,194680,194680,23332800
f3787_15,76,,166,train,194680,194680,13610800
f2097_31,77,,92,train,194680,194680,7777600
f3779_49,77,,167,train,194680,194680,14583000
f1480_24,78,,272,train,194680,194680,23332800
f4020_15,78,,171,train,194680,194680,14583000
f0566_02,79,,298,train,194680,194680,25277200
f3194_31,79,,173,train,194680,194680,14583000
f2274_95,80,,165,train,194680,194680,13610800
f0478_10,80,,349,train,194680,194680,30138200
f1685_23,81,,148,train,194680,194680,12638600
f2099_21,81,,107,train,194680,194680,8749800
f2274_95,82,,165,train,194680,194680,13610800
f1168_30,82,,272,train,194680,194680,23332800
f3891_31,83,,169,train,194680,194680,14583000
f1735_22,83,,155,train,194680,194680,12638600
f0940_45,84,,337,train,194680,194680,29166000
f3364_36,84,,172,train,194680,194680,14583000
f0991_47,85,,312,train,194680,194680,27221600
f3219_49,85,,176,train,194680,194680,14583000
f1097_20,86,,269,train,194680,194680,23332800
f3271_09,86,,172,train,194680,194680,14583000
f3891_31,87,,169,train,194680,194680,14583000
f3779_49,87,,167,train,194680,194680,14583000
f2287_60,88,,166,train,194680,194680,13610800
f3891_31,88,,169,train,194680,194680,14583000
f3787_15,89,,166,train,194680,194680,13610800
f0749_12,89,,30,train,194680,194680,1944400
f2138_72,90,,168,train,194680,194680,14583000
f0390_33,90,,335,train,194680,194680,29166000
f1271_05,91,,179,train,194680,194680,15555200
f3194_31,91,,173,train,194680,194680,14583000
f2362_73,92,,32,train,194680,194680,1944400
f0227_27,92,,354,train,194680,194680,30138200
f1995_29,93,,44,train,194680,194680,2916600
f2362_73,93,,32,train,194680,194680,1944400
f3271_09,94,,172,train,194680,194680,14583000
f1560_15,94,,55,train,194680,194680,3888800
f0418_21,95,,342,train,194680,194680,29166000
f4020_15,95,,171,train,194680,194680,14583000
f0749_12,96,,30,train,194680,194680,1944400
f3437_17,96,,172,train,194680,194680,14583000
f0227_27,97,,354,train,194680,194680,30138200
f0991_47,97,,312,train,194680,194680,27221600
f0328_12,98,,18,train,194680,194680,972200
f2097_31,98,,92,train,194680,194680,7777600
f0227_27,99,,354,train,194680,194680,30138200
f1168_30,99,,272,train,194680,194680,23332800
f3759_43,100,,167,train,194680,194680,14583000
f0940_45,100,,337,train,194680,194680,29166000
f2138_72,101,,168,train,194680,194680,14583000
f0478_10,101,,349,train,194680,194680,30138200
f0317_44,102,,348,train,194680,194680,30138200
f2138_72,102,,168,train,194680,194680,14583000
f1271_05,103,,179,train,194680,194680,15555200
f2405_90,103,,164,train,194680,194680,13610800
f3891_31,104,,169,train,194680,194680,14583000
f0328_12,104,,18,train,194680,194680,972200
f2287_60,105,,166,train,194680,194680,13610800
f1560_15,105,,55,train,194680,194680,3888800
f1097_20,106,,269,train,194680,194680,23332800
f3271_09,106,,172,train,194680,194680,14583000
f2422_85,107,,134,train,194680,194680,11666400
f3891_31,107,,169,train,194680,194680,14583000
f3271_09,108,,172,train,194680,194680,14583000
f3787_15,108,,166,train,194680,194680,13610800
f3759_43,109,,167,train,194680,194680,14583000
f1685_23,109,,148,train,194680,194680,12638600
f1480_24,110,,272,train,194680,194680,23332800
f2099_21,110,,107,train,194680,194680,8749800
f1995_29,111,,44,train,194680,194680,2916600
f2099_21,111,,107,train,194680,194680,8749800
f0227_27,112,,354,train,194680,194680,30138200
f0749_12,112,,30,train,194680,194680,1944400
f2405_90,113,,164,train,194680,194680,13610800
f1028_20,113,,90,train,194680,194680,7777600
f1034_02,114,,104,train,194680,194680,8749800
f1995_29,114,,44,train,194680,194680,2916600
f1648_00,115,,151,train,194680,194680,12638600
f2274_95,115,,165,train,194680,194680,13610800
f2362_73,116,,32,train,194680,194680,1944400
f1560_15,116,,55,train,194680,194680,3888800
f1271_05,117,,179,train,194680,194680,15555200
f0418_21,117,,342,train,194680,194680,29166000
f1480_24,118,,272,train,194680,194680,23332800
f2362_73,118,,32,train,194680,194680,1944400
f3787_15,119,,166,train,194680,194680,13610800
f0566_02,119,,298,train,194680,194680,25277200
f0317_44,120,,348,train,194680,194680,30138200
f2405_90,120,,164,train,194680,194680,13610800
f2287_60,121,,166,train,194680,194680,13610800
f0580_29,121,,329,train,194680,194680,28193800
f1168_30,122,,272,train,194680,194680,23332800
f0478_10,122,,349,train,194680,194680,30138200
f2422_85,123,,134,train,194680,194680,11666400
f4020_15,123,,171,train,194680,194680,14583000
f1735_22,124,,155,train,194680,194680,12638600
f0991_47,124,,312,train,194680,194680,27221600
f3364_36,125,,172,train,194680,194680,14583000
f3779_49,125,,167,train,194680,194680,14583000
f0478_10,126,,349,train,194680,194680,30138200
f3787_15,126,,166,train,194680,194680,13610800
f1685_23,127,,148,train,194680,194680,12638600
f0478_10,127,,349,train,194680,194680,30138200
f0566_02,128,,298,train,194680,194680,25277200
f1704_29,128,,148,train,194680,194680,12638600
f0328_12,129,,18,train,194680,194680,972200
f2422_85,129,,134,train,194680,194680,11666400
f2138_72,130,,168,train,194680,194680,14583000
f0566_02,130,,298,train,194680,194680,25277200
f0525_15,131,,316,train,194680,194680,27221600
f0749_12,131,,30,train,194680,194680,1944400
f2099_21,132,,107,train,194680,194680,8749800
f0418_21,132,,342,train,194680,194680,29166000
f0478_10,133,,349,train,194680,194680,30138200
f0418_21,133,,342,train,194680,194680,29166000
f3779_49,134,,167,train,194680,194680,14583000
f3271_09,134,,172,train,194680,194680,14583000
f0566_02,135,,298,train,194680,194680,25277200
f2422_85,135,,134,train,194680,194680,11666400
f1995_29,136,,44,train,194680,194680,2916600
f0328_12,136,,18,train,194680,194680,972200
f1034_02,137,,104,train,194680,194680,8749800
f1168_30,137,,272,train,194680,194680,23332800
f1271_05,138,,179,train,194680,194680,15555200
f3437_17,138,,172,train,194680,194680,14583000
f1685_23,139,,148,train,194680,194680,12638600
f0940_45,139,,337,train,194680,194680,29166000
f1034_02,140,,104,train,194680,194680,8749800
f2099_21,140,,107,train,194680,194680,8749800
f0525_15,141,,316,train,194680,194680,27221600
f4020_15,141,,171,train,194680,194680,14583000
f3437_17,142,,172,train,194680,194680,14583000
f2274_95,142,,165,train,194680,194680,13610800
f3759_43,143,,167,train,194680,194680,14583000
f3364_36,143,,172,train,194680,194680,14583000
f3437_17,144,,172,train,194680,194680,14583000
f1995_29,144,,44,train,194680,194680,2916600
f1034_02,145,,104,train,194680,194680,8749800
f1480_24,145,,272,train,194680,194680,23332800
f1560_15,146,,55,train,194680,194680,3888800
f0749_12,146,,30,train,194680,194680,1944400
f2362_73,147,,32,train,194680,194680,1944400
f1480_24,147,,272,train,194680,194680,23332800
f1168_30,148,,272,train,194680,194680,23332800
f1560_15,148,,55,train,194680,194680,3888800
f0227_27,149,,354,train,194680,194680,30138200
f3787_15,149,,166,train,194680,194680,13610800
f1704_29,150,,148,train,194680,194680,12638600
f2138_72,150,,168,train,194680,194680,14583000
f3271_09,151,,172,train,194680,194680,14583000
f1154_00,151,,171,train,194680,194680,14583000
f0390_33,152,,335,train,194680,194680,29166000
f0317_44,152,,348,train,194680,194680,30138200
f2138_72,153,,168,train,194680,194680,14583000
f1735_22,153,,155,train,194680,194680,12638600
f1028_20,154,,90,train,194680,194680,7777600
f3271_09,154,,172,train,194680,194680,14583000
f0580_29,155,,329,train,194680,194680,28193800
f0328_12,155,,18,train,194680,194680,972200
f0227_27,156,,354,train,194680,194680,30138200
f1028_20,156,,90,train,194680,194680,7777600
f3271_09,157,,172,train,194680,194680,14583000
f2097_31,157,,92,train,194680,194680,7777600
f2097_31,158,,92,train,194680,194680,7777600
f1735_22,158,,155,train,194680,194680,12638600
f2274_95,159,,165,train,194680,194680,13610800
f0390_33,159,,335,train,194680,194680,29166000
f0317_44,160,,348,train,194680,194680,30138200
f0418_21,160,,342,train,194680,194680,29166000
f3759_43,161,,167,train,194680,194680,14583000
f3437_17,161,,172,train,194680,194680,14583000
f0566_02,162,,298,train,194680,194680,25277200
f1704_29,162,,148,train,194680,194680,12638600
f3437_17,163,,172,train,194680,194680,14583000
f2405_90,163,,164,train,194680,194680,13610800
f2274_95,164,,165,train,194680,194680,13610800
f0525_15,164,,316,train,194680,194680,27221600
f2405_90,165,,164,train,194680,194680,13610800
f1685_23,165,,148,train,194680,194680,12638600
f1034_02,166,,104,train,194680,194680,8749800
f0940_45,166,,337,train,194680,194680,29166000
f0390_33,167,,335,train,194680,194680,29166000
f0580_29,167,,329,train,194680,194680,28193800
f0328_12,168,,18,train,194680,194680,972200
f3364_36,168,,172,train,194680,194680,14583000
f0317_44,169,,348,train,194680,194680,30138200
f4020_15,169,,171,train,194680,194680,14583000
f1704_29,170,,148,train,194680,194680,12638600
f3759_43,170,,167,train,194680,194680,14583000
f3219_49,171,,176,train,194680,194680,14583000
f1704_29,171,,148,train,194680,194680,12638600
f1648_00,172,,151,train,194680,194680,12638600
f1154_00,172,,171,train,194680,194680,14583000
f0525_15,173,,316,train,194680,194680,27221600
f2138_72,173,,168,train,194680,194680,14583000
f0566_02,174,,298,train,194680,194680,25277200
f0418_21,174,,342,train,194680,194680,29166000
f1480_24,175,,272,train,194680,194680,23332800
f3787_15,175,,166,train,194680,194680,13610800
f2097_31,176,,92,train,194680,194680,7777600
f1271_05,176,,179,train,194680,194680,15555200
f1168_30,177,,272,train,194680,194680,23332800
f2097_31,177,,92,train,194680,194680,7777600
f2422_85,178,,134,train,194680,194680,11666400
f2097_31,178,,92,train,194680,194680,7777600
f4020_15,179,,171,train,194680,194680,14583000
f1168_30,179,,272,train,194680,194680,23332800
f0580_29,180,,329,train,194680,194680,28193800
f3891_31,180,,169,train,194680,194680,14583000
f1995_29,181,,44,train,194680,194680,2916600
f1648_00,181,,151,train,194680,194680,12638600
f3891_31,182,,169,train,194680,194680,14583000
f3194_31,182,,173,train,194680,194680,14583000
f3364_36,183,,172,train,194680,194680,14583000
f4020_15,183,,171,train,194680,194680,14583000
f1168_30,184,,272,train,194680,194680,23332800
f0418_21,184,,342,train,194680,194680,29166000
f2287_60,185,,166,train,194680,194680,13610800
f1480_24,185,,272,train,194680,194680,23332800
f3437_17,186,,172,train,194680,194680,14583000
f0749_12,186,,30,train,194680,194680,1944400
f3787_15,187,,166,train,194680,194680,13610800
f1735_22,187,,155,train,194680,194680,12638600
f3437_17,188,,172,train,194680,194680,14583000
f3364_36,188,,172,train,194680,194680,14583000
f1097_20,189,,269,train,194680,194680,23332800
f2405_90,189,,164,train,194680,194680,13610800
f1735_22,190,,155,train,194680,194680,12638600
f1480_24,190,,272,train,194680,194680,23332800
f0317_44,191,,348,train,194680,194680,30138200
f1034_02,191,,104,train,194680,194680,8749800
f3891_31,192,,169,train,194680,194680,14583000
f0991_47,192,,312,train,194680,194680,27221600
f1097_20,193,,269,train,194680,194680,23332800
f2287_60,193,,166,train,194680,194680,13610800
f0991_47,194,,312,train,194680,194680,27221600
f2422_85,194,,134,train,194680,194680,11666400
f1995_29,195,,44,train,194680,194680,2916600
f1560_15,195,,55,train,194680,194680,3888800
f0317_44,196,,348,train,194680,194680,30138200
f1648_00,196,,151,train,194680,194680,12638600
f1034_02,197,,104,train,194680,194680,8749800
f3219_49,197,,176,train,194680,194680,14583000
f0227_27,198,,354,train,194680,194680,30138200
f2097_31,198,,92,train,194680,194680,7777600
f0317_44,199,,348,train,194680,194680,30138200
f1560_15,199,,55,train,194680,194680,3888800
f0749_12,200,,30,train,194680,194680,1944400
f1168_30,200,,272,train,194680,194680,23332800
f1735_22,201,,155,train,194680,194680,12638600
f1648_00,201,,151,train,194680,194680,12638600
f3759_43,202,,167,train,194680,194680,14583000
f1028_20,202,,90,train,194680,194680,7777600
f1034_02,203,,104,train,194680,194680,8749800
f3787_15,203,,166,train,194680,194680,13610800
f0390_33,204,,335,train,194680,194680,29166000
f2099_21,204,,107,train,194680,194680,8749800
f3271_09,205,,172,train,194680,194680,14583000
f3759_43,205,,167,train,194680,194680,14583000
f1735_22,206,,155,train,194680,194680,12638600
f0227_27,206,,354,train,194680,194680,30138200
f0478_10,207,,349,train,194680,194680,30138200
f0418_21,207,,342,train,194680,194680,29166000
f1648_00,208,,151,train,194680,194680,12638600
f3437_17,208,,172,train,194680,194680,14583000
f3759_43,209,,167,train,194680,194680,14583000
f3219_49,209,,176,train,194680,194680,14583000
f3891_31,210,,169,train,194680,194680,14583000
f1735_22,210,,155,train,194680,194680,12638600
f1735_22,211,,155,train,194680,194680,12638600
f0991_47,211,,312,train,194680,194680,27221600
f1704_29,212,,148,train,194680,194680,12638600
f2099_21,212,,107,train,194680,194680,8749800
f1097_20,213,,269,train,194680,194680,23332800
f3891_31,213,,169,train,194680,194680,14583000
f4020_15,214,,171,train,194680,194680,14583000
f1168_30,214,,272,train,194680,194680,23332800
f1028_20,215,,90,train,194680,194680,7777600
f1995_29,215,,44,train,194680,194680,2916600
f2287_60,216,,166,train,194680,194680,13610800
f0940_45,216,,337,train,194680,194680,29166000
f0749_12,217,,30,train,194680,194680,1944400
f3787_15,217,,166,train,194680,194680,13610800
f0566_02,218,,298,train,194680,194680,25277200
f2138_72,218,,168,train,194680,194680,14583000
f3891_31,219,,169,train,194680,194680,14583000
f1168_30,219,,272,train,194680,194680,23332800
f3437_17,220,,172,train,194680,194680,14583000
f1168_30,220,,272,train,194680,194680,23332800
f1704_29,221,,148,train,194680,194680,12638600
f0390_33,221,,335,train,194680,194680,29166000
f0991_47,222,,312,train,194680,194680,27221600
f2287_60,222,,166,train,194680,194680,13610800
f0317_44,223,,348,train,194680,194680,30138200
f3787_15,223,,166,train,194680,194680,13610800
f0749_12,224,,30,train,194680,194680,1944400
f2422_85,224,,134,train,194680,194680,11666400
f2097_31,225,,92,train,194680,194680,7777600
f2405_90,225,,164,train,194680,194680,13610800
f2138_72,226,,168,train,194680,194680,14583000
f0418_21,226,,342,train,194680,194680,29166000
f1154_00,227,,171,train,194680,194680,14583000
f2405_90,227,,164,train,194680,194680,13610800
f0940_45,228,,337,train,194680,194680,29166000
f0566_02,228,,298,train,194680,194680,25277200
f1034_02,229,,104,train,194680,194680,8749800
f1560_15,229,,55,train,194680,194680,3888800
f1560_15,230,,55,train,194680,194680,3888800
f1097_20,230,,269,train,194680,194680,23332800
f2099_21,231,,107,train,194680,194680,8749800
f0940_45,231,,337,train,194680,194680,29166000
f1097_20,232,,269,train,194680,194680,23332800
f3787_15,232,,166,train,194680,194680,13610800
f0991_47,233,,312,train,194680,194680,27221600
f1704_29,233,,148,train,194680,194680,12638600
f1154_00,234,,171,train,194680,194680,14583000
f1560_15,234,,55,train,194680,194680,3888800
f0525_15,235,,316,train,194680,194680,27221600
f1995_29,235,,44,train,194680,194680,2916600
f3779_49,236,,167,train,194680,194680,14583000
f2097_31,236,,92,train,194680,194680,7777600
f4020_15,237,,171,train,194680,194680,14583000
f1097_20,237,,269,train,194680,194680,23332800
f3779_49,238,,167,train,194680,194680,14583000
f3437_17,238,,172,train,194680,194680,14583000
f1034_02,239,,104,train,194680,194680,8749800
f2362_73,239,,32,train,194680,194680,1944400
f0317_44,240,,348,train,194680,194680,30138200
f1735_22,240,,155,train,194680,194680,12638600
f3787_15,241,,166,train,194680,194680,13610800
f3271_09,241,,172,train,194680,194680,14583000
f1271_05,242,,179,train,194680,194680,15555200
f1034_02,242,,104,train,194680,194680,8749800
f0227_27,243,,354,train,194680,194680,30138200
f0580_29,243,,329,train,194680,194680,28193800
f3271_09,244,,172,train,194680,194680,14583000
f2287_60,244,,166,train,194680,194680,13610800
f3759_43,245,,167,train,194680,194680,14583000
f2287_60,245,,166,train,194680,194680,13610800
f1154_00,246,,171,train,194680,194680,14583000
f2405_90,246,,164,train,194680,194680,13610800
f1034_02,247,,104,train,194680,194680,8749800
f1028_20,247,,90,train,194680,194680,7777600
f0317_44,248,,348,train,194680,194680,30138200
f1028_20,248,,90,train,194680,194680,7777600
f0227_27,249,,354,train,194680,194680,30138200
f1168_30,249,,272,train,194680,194680,23332800
f2097_31,250,,92,train,194680,194680,7777600
f1685_23,250,,148,train,194680,194680,12638600
f0390_33,251,,335,train,194680,194680,29166000
f0317_44,251,,348,train,194680,194680,30138200
f1560_15,252,,55,train,194680,194680,3888800
f2274_95,252,,165,train,194680,194680,13610800
f1480_24,253,,272,train,194680,194680,23332800
f1648_00,253,,151,train,194680,194680,12638600
f0566_02,254,,298,train,194680,194680,25277200
f2097_31,254,,92,train,194680,194680,7777600
f3759_43,255,,167,train,194680,194680,14583000
f1034_02,255,,104,train,194680,194680,8749800
f2287_60,256,,166,train,194680,194680,13610800
f1560_15,256,,55,train,194680,194680,3888800
f3891_31,257,,169,train,194680,194680,14583000
f0478_10,257,,349,train,194680,194680,30138200
f1995_29,258,,44,train,194680,194680,2916600
f3364_36,258,,172,train,194680,194680,14583000
f2097_31,259,,92,train,194680,194680,7777600
f1648_00,259,,151,train,194680,194680,12638600
f1704_29,260,,148,train,194680,194680,12638600
f0749_12,260,,30,train,194680,194680,1944400
f0328_12,261,,18,train,194680,194680,972200
f1735_22,261,,155,train,194680,194680,12638600
f3779_49,262,,167,train,194680,194680,14583000
f2097_31,262,,92,train,194680,194680,7777600
f0991_47,263,,312,train,194680,194680,27221600
f2274_95,263,,165,train,194680,194680,13610800
f0940_45,264,,337,train,194680,194680,29166000
f3219_49,264,,176,train,194680,194680,14583000
f2287_60,265,,166,train,194680,194680,13610800
f0991_47,265,,312,train,194680,194680,27221600
f4020_15,266,,171,train,194680,194680,14583000
f3891_31,266,,169,train,194680,194680,14583000
f2099_21,267,,107,train,194680,194680,8749800
f2138_72,267,,168,train,194680,194680,14583000
f1034_02,268,,104,train,194680,194680,8749800
f2097_31,268,,92,train,194680,194680,7777600
f4020_15,269,,171,train,194680,194680,14583000
f3437_17,269,,172,train,194680,194680,14583000
f0749_12,270,,30,train,194680,194680,1944400
f0227_27,270,,354,train,194680,194680,30138200
f3787_15,271,,166,train,194680,194680,13610800
f1154_00,271,,171,train,194680,194680,14583000
f1560_15,272,,55,train,194680,194680,3888800
f3787_15,272,,166,train,194680,194680,13610800
f1735_22,273,,155,train,194680,194680,12638600
f0328_12,273,,18,train,194680,194680,972200
f1648_00,274,,151,train,194680,194680,12638600
f1097_20,274,,269,train,194680,194680,23332800
f2274_95,275,,165,train,194680,194680,13610800
f2405_90,275,,164,train,194680,194680,13610800
f3271_09,276,,172,train,194680,194680,14583000
f1168_30,276,,272,train,194680,194680,23332800
f0749_12,277,,30,train,194680,194680,1944400
f3437_17,277,,172,train,194680,194680,14583000
f1704_29,278,,148,train,194680,194680,12638600
f0317_44,278,,348,train,194680,194680,30138200
f3437_17,279,,172,train,194680,194680,14583000
f4020_15,279,,171,train,194680,194680,14583000
f2362_73,280,,32,train,194680,194680,1944400
f0580_29,280,,329,train,194680,194680,28193800
f0580_29,281,,329,train,194680,194680,28193800
f3364_36,281,,172,train,194680,194680,14583000
f1271_05,282,,179,train,194680,194680,15555200
f3787_15,282,,166,train,194680,194680,13610800
f0317_44,283,,348,train,194680,194680,30138200
f1704_29,283,,148,train,194680,194680,12638600
f4020_15,284,,171,train,194680,194680,14583000
f3891_31,284,,169,train,194680,194680,14583000
f1735_22,285,,155,train,194680,194680,12638600
f3891_31,285,,169,train,194680,194680,14583000
f3364_36,286,,172,train,194680,194680,14583000
f1271_05,286,,179,train,194680,194680,15555200
f0317_44,287,,348,train,194680,194680,30138200
f0418_21,287,,342,train,194680,194680,29166000
f3779_49,288,,167,train,194680,194680,14583000
f1271_05,288,,179,train,194680,194680,15555200
f1168_30,289,,272,train,194680,194680,23332800
f0317_44,289,,348,train,194680,194680,30138200
f1995_29,290,,44,train,194680,194680,2916600
f3271_09,290,,172,train,194680,194680,14583000
f0749_12,291,,30,train,194680,194680,1944400
f4020_15,291,,171,train,194680,194680,14583000
f1034_02,292,,104,train,194680,194680,8749800
f3194_31,292,,173,train,194680,194680,14583000
f0991_47,293,,312,train,194680,194680,27221600
f3779_49,293,,167,train,194680,194680,14583000
f0328_12,294,,18,train,194680,194680,972200
f3271_09,294,,172,train,194680,194680,14583000
f3271_09,295,,172,train,194680,194680,14583000
f1995_29,295,,44,train,194680,194680,2916600
f0525_15,296,,316,train,194680,194680,27221600
f1028_20,296,,90,train,194680,194680,7777600
f0390_33,297,,335,train,194680,194680,29166000
f1154_00,297,,171,train,194680,194680,14583000
f0328_12,298,,18,train,194680,194680,972200
f4020_15,298,,171,train,194680,194680,14583000
f1034_02,299,,104,train,194680,194680,8749800
f2287_60,299,,166,train,194680,194680,13610800
f2362_73,300,,32,train,194680,194680,1944400
f2138_72,300,,168,train,194680,194680,14583000
f1168_30,301,,272,train,194680,194680,23332800
f1097_20,301,,269,train,194680,194680,23332800
f3759_43,302,,167,train,194680,194680,14583000
f0328_12,302,,18,train,194680,194680,972200
f0525_15,303,,316,train,194680,194680,27221600
f0478_10,303,,349,train,194680,194680,30138200
f3219_49,304,,176,train,194680,194680,14583000
f2274_95,304,,165,train,194680,194680,13610800
f1097_20,305,,269,train,194680,194680,23332800
f2422_85,305,,134,train,194680,194680,11666400
f3364_36,306,,172,train,194680,194680,14583000
f3271_09,306,,172,train,194680,194680,14583000
f0478_10,307,,349,train,194680,194680,30138200
f0418_21,307,,342,train,194680,194680,29166000
f1034_02,308,,104,train,194680,194680,8749800
f0418_21,308,,342,train,194680,194680,29166000
f2362_73,309,,32,train,194680,194680,1944400
f0418_21,309,,342,train,194680,194680,29166000
f2138_72,310,,168,train,194680,194680,14583000
f1735_22,310,,155,train,194680,194680,12638600
f0749_12,311,,30,train,194680,194680,1944400
f0525_15,311,,316,train,194680,194680,27221600
f1648_00,312,,151,train,194680,194680,12638600
f0390_33,312,,335,train,194680,194680,29166000
f0749_12,313,,30,train,194680,194680,1944400
f3271_09,313,,172,train,194680,194680,14583000
f2422_85,314,,134,train,194680,194680,11666400
f3437_17,314,,172,train,194680,194680,14583000
f1648_00,315,,151,train,194680,194680,12638600
f0940_45,315,,337,train,194680,194680,29166000
f1034_02,316,,104,train,194680,194680,8749800
f1648_00,316,,151,train,194680,194680,12638600
f2274_95,317,,165,train,194680,194680,13610800
f1028_20,317,,90,train,194680,194680,7777600
f1648_00,318,,151,train,194680,194680,12638600
f1735_22,318,,155,train,194680,194680,12638600
f0317_44,319,,348,train,194680,194680,30138200
f2274_95,319,,165,train,194680,194680,13610800
f0390_33,320,,335,train,194680,194680,29166000
f1560_15,320,,55,train,194680,194680,3888800
f3437_17,321,,172,train,194680,194680,14583000
f0418_21,321,,342,train,194680,194680,29166000
f0566_02,322,,298,train,194680,194680,25277200
f3271_09,322,,172,train,194680,194680,14583000
f4020_15,323,,171,train,194680,194680,14583000
f2405_90,323,,164,train,194680,194680,13610800
f3891_31,324,,169,train,194680,194680,14583000
f4020_15,324,,171,train,194680,194680,14583000
f0227_27,325,,354,train,194680,194680,30138200
f3759_43,325,,167,train,194680,194680,14583000
f3219_49,326,,176,train,194680,194680,14583000
f1648_00,326,,151,train,194680,194680,12638600
f1648_00,327,,151,train,194680,194680,12638600
f3787_15,327,,166,train,194680,194680,13610800
f0940_45,328,,337,train,194680,194680,29166000
f2097_31,328,,92,train,194680,194680,7777600
f0566_02,329,,298,train,194680,194680,25277200
f1028_20,329,,90,train,194680,194680,7777600
f1704_29,330,,148,train,194680,194680,12638600
f2274_95,330,,165,train,194680,194680,13610800
f3779_49,331,,167,train,194680,194680,14583000
f3759_43,331,,167,train,194680,194680,14583000
f0418_21,332,,342,train,194680,194680,29166000
f1168_30,332,,272,train,194680,194680,23332800
f1028_20,333,,90,train,194680,194680,7777600
f1560_15,333,,55,train,194680,194680,3888800
f2405_90,334,,164,train,194680,194680,13610800
f3759_43,334,,167,train,194680,194680,14583000
f3759_43,335,,167,train,194680,194680,14583000
f1028_20,335,,90,train,194680,194680,7777600
f0390_33,336,,335,train,194680,194680,29166000
f0328_12,336,,18,train,194680,194680,972200
f1735_22,337,,155,train,194680,194680,12638600
f2405_90,337,,164,train,194680,194680,13610800
f3779_49,338,,167,train,194680,194680,14583000
f0317_44,338,,348,train,194680,194680,30138200
f1685_23,339,,148,train,194680,194680,12638600
f3759_43,339,,167,train,194680,194680,14583000
f0525_15,340,,316,train,194680,194680,27221600
f1648_00,340,,151,train,194680,194680,12638600
f1995_29,341,,44,train,194680,194680,2916600
f2287_60,341,,166,train,194680,194680,13610800
f3364_36,342,,172,train,194680,194680,14583000
f0580_29,342,,329,train,194680,194680,28193800
f0580_29,343,,329,train,194680,194680,28193800
f2097_31,343,,92,train,194680,194680,7777600
f1685_23,344,,148,train,194680,194680,12638600
f3787_15,344,,166,train,194680,194680,13610800
f1097_20,345,,269,train,194680,194680,23332800
f3437_17,345,,172,train,194680,194680,14583000
f2097_31,346,,92,train,194680,194680,7777600
f3194_31,346,,173,train,194680,194680,14583000
f3787_15,347,,166,train,194680,194680,13610800
f1154_00,347,,171,train,194680,194680,14583000
f1034_02,348,,104,train,194680,194680,8749800
f1685_23,348,,148,train,194680,194680,12638600
f1735_22,349,,155,train,194680,194680,12638600
f2274_95,349,,165,train,194680,194680,13610800
f0940_45,350,,337,train,194680,194680,29166000
f2099_21,350,,107,train,194680,194680,8749800
f3891_31,351,,169,train,194680,194680,14583000
f2362_73,351,,32,train,194680,194680,1944400
f1648_00,352,,151,train,194680,194680,12638600
f1271_05,352,,179,train,194680,194680,15555200
f4020_15,353,,171,train,194680,194680,14583000
f2097_31,353,,92,train,194680,194680,7777600
f2138_72,354,,168,train,194680,194680,14583000
f0749_12,354,,30,train,194680,194680,1944400
f1168_30,355,,272,train,194680,194680,23332800
f0580_29,355,,329,train,194680,194680,28193800
f0525_15,356,,316,train,194680,194680,27221600
f1154_00,356,,171,train,194680,194680,14583000
f1648_00,357,,151,train,194680,194680,12638600
f2274_95,357,,165,train,194680,194680,13610800
f2097_31,358,,92,train,194680,194680,7777600
f2274_95,358,,165,train,194680,194680,13610800
f1995_29,359,,44,train,194680,194680,2916600
f3194_31,359,,173,train,194680,194680,14583000
f0418_21,360,,342,train,194680,194680,29166000
f3437_17,360,,172,train,194680,194680,14583000
f3759_43,361,,167,train,194680,194680,14583000
f1995_29,361,,44,train,194680,194680,2916600
f0525_15,362,,316,train,194680,194680,27221600
f2099_21,362,,107,train,194680,194680,8749800
f0566_02,363,,298,train,194680,194680,25277200
f2362_73,363,,32,train,194680,194680,1944400
f0418_21,364,,342,train,194680,194680,29166000
f1480_24,364,,272,train,194680,194680,23332800
f1097_20,365,,269,train,194680,194680,23332800
f2099_21,365,,107,train,194680,194680,8749800
f1704_29,366,,148,train,194680,194680,12638600
f0328_12,366,,18,train,194680,194680,972200
f0991_47,367,,312,train,194680,194680,27221600
f1154_00,367,,171,train,194680,194680,14583000
f0566_02,368,,298,train,194680,194680,25277200
f2099_21,368,,107,train,194680,194680,8749800
f1028_20,369,,90,train,194680,194680,7777600
f3891_31,369,,169,train,194680,194680,14583000
f1271_05,370,,179,train,194680,194680,15555200
f2274_95,370,,165,train,194680,194680,13610800
f2138_72,371,,168,train,194680,194680,14583000
f1480_24,371,,272,train,194680,194680,23332800
f2097_31,372,,92,train,194680,194680,7777600
f0317_44,372,,348,train,194680,194680,30138200
f1560_15,373,,55,train,194680,194680,3888800
f0478_10,373,,349,train,194680,194680,30138200
f1560_15,374,,55,train,194680,194680,3888800
f2422_85,374,,134,train,194680,194680,11666400
f2097_31,375,,92,train,194680,194680,7777600
f0418_21,375,,342,train,194680,194680,29166000
f1480_24,376,,272,train,194680,194680,23332800
f3779_49,376,,167,train,194680,194680,14583000
f1271_05,377,,179,train,194680,194680,15555200
f0418_21,377,,342,train,194680,194680,29166000
f1480_24,378,,272,train,194680,194680,23332800
f1704_29,378,,148,train,194680,194680,12638600
f2362_73,379,,32,train,194680,194680,1944400
f0580_29,379,,329,train,194680,194680,28193800
f1028_20,380,,90,train,194680,194680,7777600
f0390_33,380,,335,train,194680,194680,29166000
f1685_23,381,,148,train,194680,194680,12638600
f0749_12,381,,30,train,194680,194680,1944400
f1648_00,382,,151,train,194680,194680,12638600
f1480_24,382,,272,train,194680,194680,23332800
f0227_27,383,,354,train,194680,194680,30138200
f0749_12,383,,30,train,194680,194680,1944400
f0478_10,384,,349,train,194680,194680,30138200
f1648_00,384,,151,train,194680,194680,12638600
f0390_33,385,,335,train,194680,194680,29166000
f0328_12,385,,18,train,194680,194680,972200
f4020_15,386,,171,train,194680,194680,14583000
f3364_36,386,,172,train,194680,194680,14583000
f3787_15,387,,166,train,194680,194680,13610800
f2274_95,387,,165,train,194680,194680,13610800
f1685_23,388,,148,train,194680,194680,12638600
f0478_10,388,,349,train,194680,194680,30138200
f0418_21,389,,342,train,194680,194680,29166000
f1271_05,389,,179,train,194680,194680,15555200
f1271_05,390,,179,train,194680,194680,15555200
f3891_31,390,,169,train,194680,194680,14583000
f3779_49,391,,167,train,194680,194680,14583000
f0991_47,391,,312,train,194680,194680,27221600
f1034_02,392,,104,train,194680,194680,8749800
f1097_20,392,,269,train,194680,194680,23332800
f4020_15,393,,171,train,194680,194680,14583000
f0418_21,393,,342,train,194680,194680,29166000
f3759_43,394,,167,train,194680,194680,14583000
f3891_31,394,,169,train,194680,194680,14583000
f2405_90,395,,164,train,194680,194680,13610800
f2138_72,395,,168,train,194680,194680,14583000
f0227_27,396,,354,train,194680,194680,30138200
f3891_31,396,,169,train,194680,194680,14583000
f0566_02,397,,298,train,194680,194680,25277200
f0991_47,397,,312,train,194680,194680,27221600
f0940_45,398,,337,train,194680,194680,29166000
f2097_31,398,,92,train,194680,194680,7777600
f1154_00,399,,171,train,194680,194680,14583000
f2097_31,399,,92,train,194680,194680,7777600
f1704_29,400,,148,train,194680,194680,12638600
f0418_21,400,,342,train,194680,194680,29166000
